company_id,last_visit_at
1,
2,
3,
4,2026-06-18 12:00:00+00
5,2026-09-15 12:00:00+00
6,
7,2026-05-20 12:00:00+00
8,
9,
10,
11,2026-05-29 12:00:00+00
12,2024-05-07 12:00:00+00
13,2026-04-21 12:00:00+00
14,2026-06-01 12:00:00+00
15,
16,
17,2026-06-24 12:00:00+00
18,
19,2026-05-20 12:00:00+00
20,2026-02-19 12:00:00+00
21,2025-09-08 12:00:00+00
22,2023-11-15 12:00:00+00
23,2025-02-06 12:00:00+00
24,
25,2024-03-21 12:00:00+00
26,
27,
28,
29,2023-11-06 12:00:00+00
30,2026-04-16 12:00:00+00
31,2026-03-25 12:00:00+00
32,2025-08-14 12:00:00+00
33,2025-03-19 12:00:00+00
34,
35,2025-07-28 12:00:00+00
36,2025-06-20 12:00:00+00
37,2026-05-27 12:00:00+00
38,2026-02-23 12:00:00+00
39,
40,
41,
42,2026-06-02 12:00:00+00
43,2026-03-26 12:00:00+00
44,2026-04-24 12:00:00+00
45,
46,2026-06-18 12:00:00+00
47,
48,2026-03-18 12:00:00+00
49,2024-11-28 12:00:00+00
50,
51,
52,2025-12-11 12:00:00+00
53,
54,
55,2025-03-11 12:00:00+00
56,2023-11-07 12:00:00+00
57,2024-03-25 12:00:00+00
58,2025-09-01 12:00:00+00
59,2026-06-26 12:00:00+00
60,2023-11-10 12:00:00+00
61,2025-01-10 12:00:00+00
62,
63,2024-11-05 12:00:00+00
64,2026-04-17 12:00:00+00
65,
66,2026-04-08 12:00:00+00
67,2026-04-14 12:00:00+00
68,
69,
70,2025-12-17 12:00:00+00
71,2026-02-02 12:00:00+00
72,2025-12-17 12:00:00+00
73,2026-05-29 12:00:00+00
74,2026-05-28 12:00:00+00
75,2025-06-12 12:00:00+00
76,2026-06-18 12:00:00+00
77,2026-03-24 12:00:00+00
78,2023-07-06 12:00:00+00
79,
80,2026-05-29 12:00:00+00
81,2026-03-12 12:00:00+00
82,2025-12-17 12:00:00+00
83,
84,2026-06-18 12:00:00+00
85,2023-12-18 12:00:00+00
86,
87,
88,
89,2025-08-27 12:00:00+00
90,2025-12-10 12:00:00+00
91,2026-05-27 12:00:00+00
92,
93,2026-02-02 12:00:00+00
94,2026-05-29 12:00:00+00
95,
96,2026-09-29 12:00:00+00
97,
98,
99,2026-06-01 12:00:00+00
100,
101,2023-08-09 12:00:00+00
102,2026-04-16 12:00:00+00
103,2025-12-09 12:00:00+00
104,
105,2026-05-19 12:00:00+00
106,
107,
108,
109,2024-04-23 12:00:00+00
110,2025-06-18 12:00:00+00
111,2025-09-29 12:00:00+00
112,2024-04-24 12:00:00+00
113,
114,
115,
116,2026-06-18 12:00:00+00
117,
118,
119,
120,
121,
122,2024-11-19 12:00:00+00
123,2025-10-16 12:00:00+00
124,
125,2026-05-21 12:00:00+00
126,
127,2026-04-23 12:00:00+00
128,
129,2024-02-21 12:00:00+00
130,
131,2026-06-02 12:00:00+00
132,
133,2026-06-17 12:00:00+00
134,2024-11-27 12:00:00+00
135,2024-04-10 12:00:00+00
136,
137,2026-03-31 12:00:00+00
138,2023-09-25 12:00:00+00
139,2026-02-19 12:00:00+00
140,2026-02-19 12:00:00+00
141,2026-07-30 12:00:00+00
142,2026-06-22 12:00:00+00
143,
144,
145,2026-03-12 12:00:00+00
146,2025-12-11 12:00:00+00
147,2026-05-29 12:00:00+00
148,
149,
150,2025-06-12 12:00:00+00
151,
152,2023-11-01 12:00:00+00
153,2025-03-18 12:00:00+00
154,2026-06-18 12:00:00+00
155,2026-03-25 12:00:00+00
156,
157,
158,2023-11-09 12:00:00+00
159,2026-04-15 12:00:00+00
160,2026-04-15 12:00:00+00
161,
162,2025-12-18 12:00:00+00
163,2025-12-18 12:00:00+00
164,
165,
166,2025-03-10 12:00:00+00
167,2024-11-19 12:00:00+00
168,
169,
170,
171,2024-11-21 12:00:00+00
172,
173,
174,
175,2026-05-21 12:00:00+00
176,2026-04-15 12:00:00+00
177,
178,
179,2025-12-11 12:00:00+00
180,2026-05-29 12:00:00+00
181,2026-05-13 12:00:00+00
182,2025-12-18 12:00:00+00
183,
184,2026-04-15 12:00:00+00
185,2026-06-01 12:00:00+00
186,2025-12-18 12:00:00+00
187,2025-06-16 12:00:00+00
188,2026-06-03 12:00:00+00
189,2024-04-09 12:00:00+00
190,2025-07-01 12:00:00+00
191,2026-04-16 12:00:00+00
192,2026-03-18 12:00:00+00
193,
194,2026-02-02 12:00:00+00
195,
196,
197,2026-05-28 12:00:00+00
198,2025-06-18 12:00:00+00
199,2025-07-31 12:00:00+00
200,
201,2025-12-16 12:00:00+00
202,
203,2025-12-15 12:00:00+00
204,2024-11-19 12:00:00+00
205,2026-06-18 12:00:00+00
206,
207,2026-06-24 12:00:00+00
208,
209,2024-11-21 12:00:00+00
210,2026-06-04 12:00:00+00
211,2025-11-25 12:00:00+00
212,2025-06-17 12:00:00+00
213,2025-06-17 12:00:00+00
214,2025-07-02 12:00:00+00
215,2026-09-16 12:00:00+00
216,2023-10-03 12:00:00+00
217,2026-07-03 12:00:00+00
218,2026-03-24 12:00:00+00
219,2026-06-18 12:00:00+00
220,2026-03-20 12:00:00+00
221,2026-06-01 12:00:00+00
222,2025-12-10 12:00:00+00
223,2026-06-03 12:00:00+00
224,
225,2025-08-20 12:00:00+00
226,
227,2025-03-18 12:00:00+00
228,
229,
230,2026-01-22 12:00:00+00
231,2025-08-06 12:00:00+00
232,2026-06-24 12:00:00+00
233,
234,
235,2025-12-19 12:00:00+00
236,2025-03-17 12:00:00+00
237,2026-01-29 12:00:00+00
238,
239,
240,
241,2023-07-04 12:00:00+00
242,
243,
244,
245,
246,
247,2025-12-15 12:00:00+00
248,
249,
250,
251,
252,
253,
254,
255,
256,
257,
258,
259,
260,
261,
262,
263,
264,
265,
266,
267,
268,
269,
270,
271,
272,
273,
274,
275,
276,
277,
278,
279,
280,
281,
282,
283,
284,
285,
286,
287,
288,
289,
290,
291,
292,
293,
294,
295,
296,
297,
298,
299,
300,
301,
302,
303,
304,
305,
306,
307,
308,
309,
310,
311,
312,
313,
314,
315,
316,
317,
318,
319,
320,
321,
322,
323,
324,
325,
326,
327,
328,
329,
330,
331,
332,
333,
334,
335,
336,
337,
338,
339,
340,
341,
342,
343,
344,
345,
346,
347,
348,
349,
350,
351,
352,
353,
354,
355,
356,
357,
358,
359,
360,
361,
362,
363,
364,
365,
366,
367,
368,
369,
370,
371,
372,
373,
374,
375,
376,
377,
378,
379,
380,
381,
382,
383,
384,
385,
386,
387,
388,
389,
390,
391,
392,
393,
394,
395,
396,
397,
398,
399,
400,
401,
402,
403,
404,
405,
406,
407,
408,
409,
410,
411,
412,
413,
414,
415,
416,
417,
418,
419,
420,
421,
422,
423,
424,
425,
426,
427,
428,
429,
430,
431,
432,
433,
434,
435,
436,
437,
438,
439,
440,
441,
442,
443,
444,
445,
446,
447,
448,
449,
450,
451,
452,
453,
454,
455,
456,
457,
458,
459,
460,
461,
462,
463,
464,
465,
466,
467,
468,
469,
470,
471,
472,
473,
474,
475,
476,
477,
478,
479,
480,
481,
482,
483,
484,
485,
486,
487,
488,
489,
490,
491,
492,
493,
494,
495,
496,
497,
498,
499,
500,
501,
502,
503,
504,
505,
506,
507,
508,
509,
510,
511,
512,
513,
514,
515,
516,
517,
518,
519,
520,
521,
522,
523,
524,
525,
526,
527,
528,
529,
530,
531,
532,
533,
534,
535,
536,
537,
538,
539,
540,
541,
542,
543,
544,
545,
546,
547,
548,
549,
550,
551,
552,
553,
554,
555,
556,
557,
558,
559,
560,
561,
562,
563,
564,
565,
566,
567,
568,
569,
570,
571,
572,
573,
574,
575,
576,
577,
578,
579,
580,
581,
582,
583,
584,
585,
586,
587,
588,
589,
590,
591,
592,
593,
594,
595,
596,
597,
598,
599,
600,
601,
602,
603,
604,
605,
606,
607,
608,
609,
610,
611,
612,
613,
614,
615,
616,
617,
618,
619,
620,
621,
622,
623,
624,
625,
626,
627,
628,
629,
630,
631,
632,
633,
634,
635,
636,
637,
638,
639,
640,
641,
642,
643,
644,
645,
646,
647,
648,
649,
650,
651,
652,
653,
654,
655,
656,
657,
658,
659,
660,
661,
662,
663,
664,
665,
666,
667,
668,
669,
670,
671,
672,
673,
674,
675,
676,
677,
678,
679,
680,
681,
682,
683,
684,
685,
686,
687,
688,
689,
690,
691,
692,
693,
694,
695,
696,
697,
698,
699,
700,
701,
702,
703,
704,
705,
706,
707,
708,
709,
710,
711,
712,
713,
714,
715,
716,
717,
718,
719,
720,
721,
722,
723,
724,
725,
726,
727,
728,
729,
730,
731,
732,
733,
734,
735,
736,
737,
738,
739,
740,
741,
742,
743,
744,
745,
746,
747,
748,
749,
750,
751,
752,
753,
754,
755,
756,
757,
758,
759,
760,
761,
762,
763,
764,
765,
766,
767,
768,
769,
770,
771,
772,
773,
774,
775,
776,
777,
778,
779,
780,
781,
782,
783,
784,
785,
786,
787,
788,
789,
790,
791,
792,
793,
794,
795,
796,
797,
798,
799,
800,
801,
802,
803,
804,
805,
806,
807,
808,
809,
810,
811,
812,
813,
814,
815,
816,
817,
818,
819,
820,
821,
822,
823,
824,
825,
826,
827,
828,
829,
830,
831,
832,
833,
834,
835,
836,
837,
838,
839,
840,
841,
842,
843,
844,
845,
846,
847,
848,
849,
850,
851,
852,
853,
854,
855,
856,
857,
858,
859,
860,
861,
862,
863,
864,
865,
866,
867,
868,
869,
870,
871,
872,
873,
874,
875,
876,
877,
878,
879,
880,
881,
882,
883,
884,
885,
886,
887,
888,
889,
890,
891,
892,
893,
894,
895,
896,
897,
898,
899,
900,
901,
902,
903,
904,
905,
906,
907,
908,
909,
910,
911,
912,
913,
914,
915,
916,
917,
918,
919,
920,
921,
922,
923,
924,
925,
926,
927,
928,
929,
930,
931,
932,
933,
934,
935,
936,
937,
938,
939,
940,
941,
942,
943,
944,
945,
946,
947,
948,
949,
950,
951,
952,
953,
954,
955,
956,
957,
958,
959,
960,
961,
962,
963,
964,
965,
966,
967,
968,
969,
970,
971,
972,
973,
974,
975,
976,
977,
978,
979,
980,
981,
982,
983,
984,
985,
986,
987,
988,
989,
990,
991,
992,
993,
994,
995,
996,
997,
998,
999,
1000,
1001,
1002,
1003,
1004,
1005,
1006,
1007,
1008,
1009,
1010,
1011,
1012,
1013,
1014,
1015,
1016,
1017,
1018,
1019,
1020,
1021,
1022,
1023,
1024,
1025,
1026,
1027,
1028,
1029,
1030,
1031,
1032,
1033,
1034,
1035,
1036,
1037,
1038,
1039,
1040,
1041,
1042,
1043,
1044,
1045,
1046,
1047,
1048,
1049,
1050,
1051,
1052,
1053,
1054,
1055,
1056,
1057,
1058,
1059,
1060,
1061,
1062,
1063,
1064,
1065,
1066,
1067,
1068,
1069,
1070,
1071,
1072,
1073,
1074,
1075,
1076,
1077,
1078,
1079,
1080,
1081,
1082,
1083,
1084,
1085,
1086,
1087,
1088,
1089,
1090,
1091,
1092,
1093,
1094,
1095,
1096,
1097,
1098,
1099,
1100,
1101,
1102,
1103,
1104,
1105,
1106,
1107,
1108,
1109,
1110,
1111,
1112,
1113,
1114,
1115,
1116,
1117,
1118,
1119,
1120,
1121,
1122,
1123,
1124,
1125,
1126,
1127,
1128,
1129,
1130,
1131,
1132,
1133,
1134,
1135,
1136,
1137,
1138,
1139,
1140,
1141,
1142,
1143,
1144,
1145,
1146,
1147,
1148,
1149,
1150,
1151,
1152,
1153,
1154,
1155,
1156,
1157,
1158,
1159,
1160,
1161,
1162,
1163,
1164,
1165,
1166,
1167,
